{
  "version": 1,
  "author": "Anonymous maker",
  "editor": "wokwi",
  "parts": [
    {
      "type": "board-esp32-devkit-c-v4",
      "id": "esp",
      "top": -48,
      "left": 24.04,
      "attrs": { "builder": "esp-idf" }
    },
    {
      "type": "wokwi-hc-sr04",
      "id": "ultrasonic1",
      "top": -36.9,
      "left": 216.7,
      "attrs": { "distance": "183" }
    }
  ],
  "connections": [
    [ "esp:TX", "$serialMonitor:RX", "", [] ],
    [ "esp:RX", "$serialMonitor:TX", "", [] ],
    [ "esp:5V", "ultrasonic1:VCC", "red", [ "h259.35", "v-96" ] ],
    [ "esp:GND.2", "ultrasonic1:GND", "black", [ "h57.6", "v115.2", "h135.6" ] ],
    [ "esp:22", "ultrasonic1:TRIG", "green", [ "h48", "v86.4", "h125.2" ] ],
    [ "esp:23", "ultrasonic1:ECHO", "green", [ "h67.2", "v86.4", "h116" ] ]
  ],
  "dependencies": {}
}